mat,nombre,esp
354495,Constance Fury,gastroenterology
549378,Gerardo Barnsdall,gastroenterology
025680,Loralyn Umney,neurology
128809,Cherida Stocks,gastroenterology
483066,Patric Ollie,gastroenterology
758430,Pietro Henmarsh,orthopedics
750085,Bevvy Sherwood,neurology
318795,Eward Formilli,dermatology
131284,Vite Sinclaire,neurology
696373,Camilla Skews,dermatology
788394,Gallard Petras,orthopedics
802915,Rusty Phillips,orthopedics
398908,Tami Fairbridge,dermatology
152517,Kleon Fallanche,cardiology
454713,Brewster Ditty,gastroenterology
151557,Hildegaard Tidbold,neurology
378658,Humfrey Colliard,gastroenterology
115794,Ursula Bilbery,gastroenterology
135403,Fiona Molloy,orthopedics
489892,Torr Cockland,cardiology
804817,Wilone Shepherdson,dermatology
055078,Wilmar Salsberg,dermatology
575169,Gretna Abberley,orthopedics
150759,Alford Downie,orthopedics
625075,Brittan Emeney,orthopedics
288992,Halie Test,cardiology
707550,Birgit Lenden,dermatology
673078,Reggie Jenyns,gastroenterology
007656,Antonina Ruddle,dermatology
886821,Emmalee Agostini,neurology
026438,Colver Quittonden,gastroenterology
088967,Donnie Poley,gastroenterology
481207,Desmond Gauthorpp,orthopedics
972291,Gipsy Matchett,cardiology
385942,Wald Ivic,cardiology
147547,Dannye Blanpein,neurology
066106,Moishe Farnaby,gastroenterology
520708,Hanni Meaker,dermatology
971048,Brooke Stoaks,dermatology
421492,Herb Wey,neurology
299358,Darsie Blowne,gastroenterology
524907,Charline Aykroyd,dermatology
804479,Trey Baack,gastroenterology
690527,Gilles Pinnell,cardiology
725351,Bevvy Coom,cardiology
119682,Kellyann Sproston,gastroenterology
764591,Davide Isenor,dermatology
270795,Trip Pumphrey,dermatology
780636,Sioux Oriel,orthopedics
244814,Solly Hindmoor,cardiology
